contigName	SRR10420346_totalAvgDepth	SRR10420348_totalAvgDepth	SRR10420349_totalAvgDepth	SRR10420350_totalAvgDepth	SRR10420351_totalAvgDepth	SRR10420352_totalAvgDepth	SRR10420353_totalAvgDepth
bin.10_k119_5632	35.0487	0.264146	57.2982	21.6618	3.64691	0.946236	1.16516
bin.10_k119_5721	34.5202	0.169772	53.1853	19.1193	4.11291	0.962937	1.43003
bin.10_k119_21425	37.7224	0.528359	57.8033	20.1794	8.3053	1.98843	3.06813
bin.10_k119_19083	34.0301	0.152368	53.9708	18.4032	2.56808	0.678898	1.21718
bin.10_k119_12557	33.3998	0.193383	54.1113	20.8397	3.49823	1.42114	2.07625
bin.10_k119_18674	40.7089	0.646431	58.5339	18.981	18.8235	7.44752	7.60692
bin.11_k119_4909	115.559	0	13.5938	5.64613	0.0994633	0.0456361	0.517492
bin.11_k119_8676	199.836	0.889739	20.7461	10.5516	1.08053	2.22413	6.83705
bin.11_k119_16677	178.21	0.38373	17.3358	9.68198	0.61723	1.29105	3.84727
bin.11_k119_15397	200.449	0.757669	21.9998	12.6392	1.02246	1.37935	4.40957
bin.11_k119_5266	205.275	1.42435	18.5158	6.76977	1.04973	2.36087	6.00138
bin.11_k119_6978	181.562	0.743157	21.7284	11.0114	1.30828	1.79974	5.35903
bin.11_k119_3866	207.145	0.104454	15.7925	8.53723	0.888719	2.29279	4.38044
bin.11_k119_16243	194.462	0.836614	18.2362	10.2078	0.798543	1.19532	4.8737
bin.11_k119_20907	214.234	1.30314	20.47	11.5476	0.955209	2.35223	6.0598
bin.11_k119_10055	185.329	1.09422	18.4909	11.3193	1.057	3.23671	8.03839
bin.11_k119_21445	194.435	0.564545	18.2854	8.66289	0.998068	2.27617	5.88075
bin.11_k119_8424	220.381	0.688536	17.9446	10.9113	0.758225	1.82004	5.86
bin.11_k119_7274	190.966	0.825593	25.6381	9.5495	1.19976	2.04724	6.9521
bin.11_k119_19950	213.767	3.09854	25.5852	16.7975	5.35665	4.77303	17.4058
bin.11_k119_15818	182.948	0.475806	17.6416	6.96388	2.06452	6.93582	16.9616
bin.11_k119_16892	186.557	0.353855	16.6911	5.68028	0.898811	2.10215	6.27447
bin.11_k119_9534	193.726	0.890066	17.5447	8.07909	0.766994	1.89078	4.55814
bin.11_k119_7776	200.198	0.526341	21.1402	14.6029	1.40212	1.79479	5.47049
bin.12_k119_9809	929.558	18.5947	552.068	216.071	467.021	78.386	196.575
bin.12_k119_21412	870.488	3.16766	477.193	177.151	23.5857	5.36316	8.60348
bin.12_k119_15927	1039.66	0.75533	576.925	206.881	37.4067	7.9208	16.6325
bin.12_k119_11668	986.362	3.18464	543.159	187.182	110.911	12.0994	58.7606
bin.12_k119_4382	1015.45	6.24503	524.458	202.392	292.448	43.6932	110.881
bin.12_k119_1384	875.349	1.24308	473.888	166.203	50.1091	11.1543	26.0641
bin.12_k119_12270	920.758	1.7451	491.623	179.868	49.1982	10.2527	19.9742
bin.12_k119_12319	1007.89	0.113903	559.371	187.189	13.7506	5.42794	8.7711
bin.12_k119_14951	894.739	1.6838	495.406	165.721	50.4352	7.464	19.0798
bin.12_k119_10662	885.396	3.11652	484.91	172.03	55.1046	11.3918	27.1005
bin.12_k119_12950	889.771	0.950247	483.534	162.906	33.7223	5.70238	13.4424
bin.12_k119_11424	1071.41	0.774523	528.373	197.034	22.6155	3.21119	9.58603
bin.12_k119_19927	928.67	1.11445	500.118	173.293	40.7625	8.48331	19.348
bin.12_k119_4485	904.582	0.994651	479.272	163.724	55.6923	5.80838	15.3325
bin.12_k119_11449	962.498	0.812797	579.27	196.619	25.0884	4.07065	10.7335
bin.12_k119_10736	869.383	2.59046	483.663	171.722	132.851	17.4609	49.6296
bin.12_k119_8724	978.468	1.25109	524.198	192.895	43.4885	7.69002	19.4736
bin.12_k119_16764	1068.56	2.5944	637.122	236.897	50.9786	15.0754	40.5147
bin.12_k119_10835	935.622	0.649247	499.123	164.032	86.8502	4.47504	15.5738
bin.12_k119_13254	979.727	3.18013	562.781	205.042	72.6902	12.8148	31.0641
bin.12_k119_13305	941.208	0.556499	496.87	170.278	22.712	5.68996	15.8448
bin.12_k119_21315	1178.68	2.56522	648.612	328.391	99.0726	14.3653	39.7612
bin.12_k119_12631	902.924	1.49023	500.792	171.301	48.1743	8.66514	23.149
bin.12_k119_18940	1187.84	1.58617	648.29	337.573	35.3947	8.50955	17.1213
bin.12_k119_12764	950.304	2.34158	521.078	198.288	72.9461	12.2693	30.9223
bin.13_k119_11638	41.7967	0.0201134	6.93054	2.30021	0.249585	4.37129	5.41237
bin.13_k119_6745	39.5595	0.250381	8.81779	3.29009	0.844902	7.28438	9.20469
bin.13_k119_21413	49.0466	0.192986	8.30279	3.04948	0.559252	7.28039	8.09835
bin.13_k119_4955	57.8135	0.421993	9.69929	4.29952	1.5781	15.1126	25.9845
bin.13_k119_20303	72.6603	0.891369	12.0621	7.0785	2.58555	28.4231	44.8501
bin.13_k119_19035	53.8983	0.213659	9.01656	4.69362	1.1691	8.66148	14.0825
bin.13_k119_15073	45.5433	0.343127	9.87513	7.35618	1.56867	13.7433	19.2308
bin.13_k119_12196	92.3898	3.23892	24.1865	13.7443	14.1862	105.515	181.198
bin.13_k119_16404	47.8334	0.182214	8.60032	3.99514	0.923843	8.91014	14.0778
bin.13_k119_13078	46.7726	0.943518	10.6949	3.8209	1.04279	5.33906	6.22056
bin.13_k119_14067	50.9574	0.701121	10.409	6.59447	2.04349	15.5159	27.0588
bin.13_k119_21793	48.6137	0.338062	8.83843	5.37077	5.55457	10.6573	24.3575
bin.13_k119_12745	45.4531	0.109671	8.48945	3.55092	0.685764	6.51991	9.83861
bin.14_k119_17981	7.46244	0.00801047	9.344	3.07774	0.247794	0.0621214	0.0373411
bin.14_k119_1502	6.5783	0	9.30805	2.03356	0.1357	0.00999576	0
bin.14_k119_3860	7.23516	0	7.8892	0.453437	0.0721273	0.0187166	0.0248467
bin.14_k119_15564	7.5404	0.094472	11.6922	4.6554	0.335554	0.177309	0.0912355
bin.14_k119_17550	5.76821	0.0630898	7.62082	4.31225	0.22036	0.00817231	0.0656032
bin.14_k119_20371	6.83666	0.0145959	9.39369	2.63378	0.0686369	0.00337756	0.0433186
bin.14_k119_15661	6.17197	0.0389493	7.19495	2.35823	0.126693	0.0880509	0.0752454
bin.14_k119_20986	7.24682	0	5.41459	6.61572	0.16996	0	0.00722812
bin.14_k119_14645	6.5092	0.00862946	8.28171	3.32016	0.0550775	0.0718189	0.0181366
bin.14_k119_3876	5.96378	0.0162493	7.66996	3.58731	0.118745	0.0299099	0.0292993
bin.14_k119_19112	6.66692	0.0155207	8.8132	4.08648	0.178825	0.0129012	0.0449154
bin.14_k119_15276	7.2229	0.033825	8.88331	3.71322	0.197693	0.0111394	0.0586741
bin.14_k119_18583	6.38646	0.0153565	8.02157	5.11071	0.1921	0.0602085	0.038779
bin.14_k119_21713	5.48812	0.044591	7.28739	3.159	0.21315	0.0262345	0.0687659
bin.14_k119_12791	7.07618	0.0556193	9.14143	3.15814	0.305788	0.168754	0.0758781
bin.14_k119_21854	6.06687	0.0282733	7.70352	3.85375	0.213088	0.040203	0.0511992
bin.14_k119_21907	3.18901	0.0347869	5.20696	1.32063	0.0483033	0	0.0105463
bin.15_k119_2097	40.3786	4.04859	72.1015	54.7506	151.45	131.412	444.192
bin.15_k119_9466	46.4342	3.95614	69.1073	33.4035	62.1258	170.625	385.816
bin.15_k119_12968	49.6009	1.2596	62.2818	27.1016	31.3399	73.0557	145.977
bin.15_k119_8727	48.8682	2.72216	65.6518	31.6433	225.608	152.782	456.701
bin.15_k119_13821	41.8724	0.828757	62.8228	26.3052	23.4723	58.5342	115.299
bin.15_k119_17126	42.696	1.34325	60.5694	23.7295	42.6778	117.912	241.932
bin.1_k119_6508	236.058	0.969056	408.098	168.545	87.4509	12.4289	58.7957
bin.1_k119_21897	208.384	2.62632	393.341	146.962	54.8898	14.7723	50.7275
bin.2_k119_12908	35.6209	5.11234	56.7018	24.6946	0.65725	0.0886006	0.345059
bin.2_k119_4392	37.2055	0.284674	55.8838	27.5308	1.52808	0.855892	0.96179
bin.2_k119_13677	48.6507	0.147978	65.5785	27.4393	3.08469	1.37663	1.74416
bin.2_k119_9834	43.297	0.251382	62.5013	25.1165	3.72008	1.41192	2.16674
bin.2_k119_14458	41.8987	0.272718	61.3712	26.6342	3.25877	1.52228	2.44473
bin.3_k119_15936	71.8302	2.64882	20.7059	20.1662	16.6702	200.868	85.5769
bin.3_k119_3792	57.2647	1.29088	13.4542	10.1059	12.1008	133.143	46.281
bin.3_k119_19701	71.2588	1.61588	20.796	18.3207	24.4603	288.921	113.66
bin.3_k119_6867	94.4546	12.34	40.9452	39.2008	73.8837	499.61	213.397
bin.3_k119_9190	110.858	10.8894	75.5716	55.7094	167.615	1602.52	816.424
bin.3_k119_11286	90.9807	0.865318	19.9886	18.1741	11.8222	88.5758	35.7784
bin.3_k119_15580	101.524	4.10098	38.0255	23.4676	27.6182	315.792	121.492
bin.3_k119_7355	90.0431	3.86926	28.0084	22.6547	30.4865	334.572	125.497
bin.3_k119_16760	61.0584	2.83883	18.7575	13.1259	25.3562	267.65	105.933
bin.3_k119_10807	103.791	5.58985	35.0683	30.7689	61.5656	729.167	288.821
bin.3_k119_21656	191.51	7.05546	40.6844	40.4164	286.302	1095.68	414.864
bin.3_k119_12603	98.3261	5.05048	35.2423	24.2873	50.6964	661.775	243.76
bin.3_k119_12755	65.8684	1.84994	20.6534	14.3659	19.8592	198.723	89.0738
bin.4_k119_14186	16.886	0	4.29435	2.90915	2.02876	2.6461	3.40662
bin.4_k119_17144	15.0665	0.0422134	4.17152	2.57649	1.51444	2.98244	4.51476
bin.4_k119_8688	324.205	0.109062	14.228	4.21515	1.84431	7.06109	7.72667
bin.5_k119_7964	305.813	0	16.9886	6.18186	2.91996	5.03977	6.98075
bin.5_k119_18375	190.095	0.466207	16.9168	7.07966	7.98133	23.384	39.6643
bin.5_k119_13556	11.8412	0	3.85368	1.87791	3.80817	13.1205	15.9177
bin.5_k119_86	14.9826	0.171531	5.32164	2.18138	17.7132	40.5099	49.1961
bin.5_k119_8090	36.2609	1.57175	16.9884	20.0977	68.6224	140.141	235.16
bin.5_k119_9183	17.491	0.616364	7.31175	3.70203	16.4375	44.2227	55.0411
bin.5_k119_3250	15.6205	0	3.22701	0.136122	4.45962	14.7838	13.7342
bin.5_k119_3311	63.2818	0	6.79831	23.7579	0.0990864	9.59592	9.87034
bin.5_k119_1973	17.4053	0.110789	4.72184	1.73347	7.42557	16.1985	23.2445
bin.5_k119_213	12.4879	0	2.3196	0.662869	1.49898	3.9889	9.21297
bin.5_k119_226	13.5185	0.31772	11.2367	7.39694	35.7869	48.6202	84.975
bin.5_k119_20815	14.9581	1.1536	8.44174	4.60911	36.4222	54.643	96.922
bin.5_k119_6838	13.8567	0.153856	6.31653	1.63428	13.1137	24.7281	33.2399
bin.5_k119_8162	29.4282	1.20513	8.90409	3.00383	19.8459	68.6812	94.8204
bin.5_k119_2086	16.1305	0	2.18569	0.388158	4.12313	5.5269	9.45846
bin.5_k119_6919	13.0258	0.170522	3.77346	1.74598	5.11846	16.4036	17.5432
bin.5_k119_11982	13.6859	0.208595	7.64702	4.48417	26.9872	42.5461	72.5468
bin.5_k119_3854	10.9697	0.515594	5.02979	2.33156	7.89408	13.2411	20.1718
bin.5_k119_20869	12.1695	0.0310521	3.67933	0.469465	4.2432	5.9735	11.0596
bin.5_k119_1107	11.6427	0	3.90759	1.15811	7.40666	11.4193	18.8076
bin.5_k119_8185	12.602	0.180931	3.66783	2.56623	8.08408	13.5794	25.2175
bin.5_k119_9197	14.5508	0.00232543	3.86571	1.91372	4.0992	7.14939	11.7464
bin.5_k119_12107	12.1968	0	0.14159	0.174771	2.33038	11.2211	6.19193
bin.5_k119_8709	12.6015	0.359331	3.69337	2.07732	9.20462	14.5502	22.4693
bin.5_k119_2934	22.1949	0.470658	4.96689	2.01404	10.2279	19.6677	25.5554
bin.5_k119_3862	12.6814	0.0317301	2.63421	0.604064	2.27951	4.07531	5.06926
bin.5_k119_12405	34.4254	0.315409	8.70352	5.81287	24.602	71.2797	119.993
bin.5_k119_13762	13.8191	0.473439	5.25529	2.27205	13.9825	32.3238	42.6156
bin.5_k119_14591	73.5643	0	1.91924	1.05112	0.772536	4.01951	2.42776
bin.5_k119_6592	20.405	0.277831	6.84131	5.81231	20.5848	41.2001	64.7337
bin.5_k119_7163	13.5246	0.154245	3.64865	1.34865	8.18445	17.1685	22.2536
bin.5_k119_8414	14.2005	0.64091	4.0424	1.73428	6.24649	15.1795	21.6661
bin.5_k119_4591	15.6094	0.0717338	4.05645	1.27799	9.97821	15.5216	25.4511
bin.5_k119_20507	14.6837	0.0873896	2.76235	1.64483	6.40828	9.35064	14.2156
bin.5_k119_21452	13.9862	0	2.53097	0.577592	1.56966	4.66754	3.76146
bin.5_k119_20588	14.8306	0.497483	3.25767	1.22978	8.86444	19.1686	27.9201
bin.5_k119_20941	20.1626	1.22951	8.17003	4.50894	27.8985	53.5202	75.8826
bin.5_k119_20156	19.2925	0.601362	8.44703	0.217054	14.1546	46.681	59.5725
bin.5_k119_4801	14.5929	0.31166	5.19079	2.33784	12.8908	23.7886	35.4031
bin.5_k119_6677	11.972	0.292276	4.1361	1.72819	8.78301	13.012	20.9477
bin.5_k119_10920	21.6677	0.514181	7.73939	4.69751	37.1172	37.309	77.0543
bin.5_k119_10947	12.5375	0.0160195	3.08975	0.759892	8.23163	13.1383	21.2503
bin.5_k119_10949	8.76144	0.0244018	1.80144	2.14566	2.33812	3.1217	5.18948
bin.5_k119_10952	34.7249	1.31617	7.12933	4.80899	220.314	91.675	248.799
bin.5_k119_7686	13.387	0.152567	3.81857	1.46867	8.88267	20.1563	35.1912
bin.5_k119_21210	13.2432	0.166861	3.81694	0.986247	6.5285	12.6676	15.6342
bin.5_k119_21699	13.7758	0	4.94516	1.28296	1.84392	1.54588	6.42411
bin.5_k119_19406	11.9227	0.145109	3.40867	0.596972	5.40519	10.7486	18.4264
bin.5_k119_21402	17.2719	1.03495	4.72152	2.80825	8.00259	18.3482	19.6973
bin.5_k119_21403	13.877	0.0331447	2.12947	0.994947	1.98186	5.63155	5.19568
bin.5_k119_19560	11.7684	0.16418	2.99817	2.10644	4.93769	11.4567	19.0169
bin.5_k119_9563	19.2496	0.0603766	4.61295	1.79278	12.6667	32.7111	45.146
bin.5_k119_21820	15.3784	0.638776	9.74811	4.36766	45.9178	68.6448	103.7
bin.5_k119_18964	19.0474	1.2072	9.1484	3.97614	35.6271	56.5137	98.3315
bin.5_k119_12771	13.0776	0.0192924	2.6627	1.35893	6.51387	8.52601	11.4565
bin.6_k119_12854	113.754	0.0645064	5.44446	6.85426	4.00874	7.20784	14.3717
bin.6_k119_11034	119.148	0	3.46855	9.64605	1.63107	6.46539	10.7256
bin.6_k119_8585	125.305	0	6.02365	0.867747	1.97252	5.3834	9.62831
bin.6_k119_1884	148.059	0.475463	9.14452	4.67597	8.92289	33.4946	35.7458
bin.6_k119_12871	132.95	0.229467	6.15097	4.46279	7.1646	19.0916	25.3847
bin.6_k119_16591	103.357	0.0245977	4.7177	2.69214	2.59756	11.3679	9.15177
bin.6_k119_14706	134.94	0.389333	9.56391	7.13906	7.58125	16.5959	26.5977
bin.6_k119_14159	168.354	0	13.1607	1.53939	1.42563	3.4182	13.1723
bin.6_k119_15362	187.394	2.58628	12.3431	12.3718	20.6354	94.6698	115.944
bin.6_k119_8036	151.869	0.166702	9.28401	8.03056	7.48735	20.877	30.2074
bin.6_k119_6202	183.624	0.770692	11.7154	9.18825	22.1416	39.6422	79.546
bin.6_k119_665	174.475	0.473704	11.5699	5.77647	15.3958	34.9015	54.6543
bin.6_k119_8647	187.056	1.46833	12.5155	8.16475	7.74457	19.4322	37.1554
bin.6_k119_1301	164.14	2.1496	8.10581	4.23507	4.57841	17.8977	20.4784
bin.6_k119_3685	148.416	0.195267	12.7155	9.517	6.2577	14.931	25.7704
bin.6_k119_2574	185.84	0.131517	11.217	7.78148	5.24701	15.3104	19.6051
bin.6_k119_6232	231.358	1.58866	7.92963	14.6176	42.0034	69.3454	87.8694
bin.6_k119_11112	158.294	0.617646	10.9195	3.09669	7.58277	19.6384	26.4258
bin.6_k119_3230	164.788	2.3933	11.2022	6.62369	14.1053	41.976	48.253
bin.6_k119_6252	209.726	0	15.5726	13.5542	3.08471	25.9337	27.4021
bin.6_k119_16617	118.731	0.0586158	8.00907	3.85095	4.08776	12.5129	17.4066
bin.6_k119_2581	153.053	0.11316	10.8779	5.59535	3.06635	5.23323	10.9076
bin.6_k119_11115	140.689	0	7.34783	2.73902	4.28353	8.89249	14.6629
bin.6_k119_179	161.545	0.423843	12.3072	6.45072	11.3576	28.9097	54.7261
bin.6_k119_21419	116.289	0.343997	4.93187	2.24984	4.62058	16.4736	14.7328
bin.6_k119_13623	150.369	0.418686	11.2561	5.47526	1.72836	14.81	38.6123
bin.6_k119_860	117.784	0	7.46566	1.85094	1.02479	1.26101	4.19959
bin.6_k119_6835	64.0354	0	3.11534	0.290949	0.454746	0.19984	2.29796
bin.6_k119_6281	196.276	1.02903	11.7619	9.72119	23.1236	43.0612	80.1064
bin.6_k119_3379	117.205	0.534884	8.57863	1.52757	1.57619	4.299	9.28428
bin.6_k119_11912	106.911	0.82415	4.56748	1.01961	3.55639	14.7821	15.256
bin.6_k119_936	212.87	0	10.6687	1.21991	4.39516	9.11414	10.1297
bin.6_k119_20234	234.847	0.549959	16.7427	16.2565	27.5884	65.1165	107.81
bin.6_k119_11149	132.32	0.160501	6.12327	3.38958	3.8863	10.8638	14.9111
bin.6_k119_17999	144.79	0.165185	8.30522	6.44712	2.7618	5.72387	12.2931
bin.6_k119_5636	215.706	7.3082	22.2435	16.7524	26.854	97.1097	112.128
bin.6_k119_2721	165.009	0.481089	16.1607	2.2793	8.82019	8.28943	6.83427
bin.6_k119_3402	382.063	4.24227	22.176	37.4278	227.626	156.759	256.728
bin.6_k119_20256	253.797	0.342883	16.3459	10.4313	7.25566	16.2962	34.7861
bin.6_k119_2071	139.065	0.269184	7.77344	4.34053	6.72824	16.8884	30.1933
bin.6_k119_11180	184.537	1.42019	18.9247	9.13542	10.4935	26.2546	36.5737
bin.6_k119_1022	208.26	0.0905241	5.90789	1.0131	1.64095	1.55532	2.04288
bin.6_k119_11211	123.288	0.603845	6.61855	8.91858	8.31059	32.4512	31.0232
bin.6_k119_16681	150.175	0.213296	6.43988	0.91605	2.3414	7.60789	13.4815
bin.6_k119_2810	127.302	0.445908	11.2288	4.4907	18.3323	76.8606	83.8537
bin.6_k119_9227	120.628	0.559319	7.0289	0.936105	3.37935	1.84171	4.59079
bin.6_k119_3466	208.636	1.45764	11.5962	8.16919	13.0496	43.651	61.028
bin.6_k119_8202	184.359	0.215735	7.91871	15.3035	1.43123	3.70915	7.71686
bin.6_k119_20262	163.485	0.344589	12.2797	8.86739	7.27572	19.6453	36.878
bin.6_k119_1542	124.742	0.057135	5.51994	2.6988	1.27105	2.27871	7.05224
bin.6_k119_15427	175.169	0.326944	11.4027	10.5126	13.0488	43.2942	53.3165
bin.6_k119_607	131.336	0.252639	8.04597	7.17056	5.67947	8.73225	19.5187
bin.6_k119_9841	224.988	3.72772	19.4212	14.1305	31.1318	43.257	98.4911
bin.6_k119_9292	182.192	0.292595	10.6726	6.19198	9.90124	27.7084	43.4583
bin.6_k119_3652	416.017	3.55921	19.9687	18.5937	86.4666	160.673	281.484
bin.6_k119_7003	166.767	0	4.43792	2.74497	7.20459	15.8555	26.6826
bin.6_k119_8354	173.571	0.515755	11.0901	10.4896	8.43514	29.8288	35.2098
bin.6_k119_9849	155.229	1.20771	9.57401	9.98402	35.0038	16.5421	27.5875
bin.6_k119_1813	120.531	0.447701	12.1489	4.37992	3.13415	7.11952	13.9312
bin.6_k119_7143	177.389	0.134489	15.8505	24.8563	4.434	6.60852	13.1578
bin.6_k119_9977	137.697	0	16.7578	5.06356	3.82367	1.0642	10.456
bin.6_k119_10012	167.875	0.425164	12.7349	12.9782	6.53978	16.8206	26.766
bin.6_k119_15590	134.824	2.1933	9.92713	8.66309	5.63364	15.6377	26.4774
bin.6_k119_12475	111.375	0.37997	10.3385	0.434642	0.778579	0.0767893	2.71571
bin.6_k119_12488	134.597	0.261683	8.23439	11.2124	7.67493	27.3802	33.8441
bin.6_k119_14639	91.4531	0.100478	5.9869	5.17724	1.48421	4.14636	6.62554
bin.6_k119_10760	153.212	0.105234	9.3918	5.49345	2.39395	9.35697	10.1132
bin.6_k119_12503	150.279	0.221074	11.5473	5.25103	6.10938	15.8289	21.3522
bin.6_k119_12148	182.673	1.84002	11.3272	7.70316	15.0989	50.4965	70.1634
bin.6_k119_21478	124.682	0.163402	7.74791	2.91949	4.72015	12.202	20.5315
bin.6_k119_20602	165.823	0.109259	9.67677	14.3962	3.80346	7.87147	12.9758
bin.6_k119_15784	163.064	0.661814	11.8123	7.54575	14.971	32.9278	57.2833
bin.6_k119_21526	155.142	0.280231	10.0348	6.01186	6.95211	13.1064	25.9144
bin.6_k119_12972	443.352	5.33944	49.1069	37.1894	116.426	164.788	391.13
bin.6_k119_14683	176.018	0.0211514	12.6632	5.02658	2.24367	8.5602	13.1005
bin.6_k119_20166	124.164	0	4.22839	2.88863	0.608423	2.08824	3.6661
bin.6_k119_15879	138.629	0.102949	6.52974	1.84586	1.8681	6.60415	6.6791
bin.6_k119_20987	163.037	0.706102	10.1642	9.04982	7.1249	9.60758	16.2473
bin.6_k119_16825	209.082	0.572736	10.889	9.38424	11.2307	28.8338	55.0384
bin.6_k119_18520	132.337	0.102185	12.4943	7.78073	3.31869	7.27762	12.3855
bin.6_k119_15891	220.378	0	15.5512	4.58773	3.05302	16.3314	16.5982
bin.6_k119_7672	186.701	0.483692	11.5005	8.4499	12.1143	27.6486	44.8386
bin.6_k119_21034	152.959	0.507648	8.06421	3.96047	10.073	14.5547	35.5764
bin.6_k119_8921	147.937	1.32958	10.6134	5.75751	5.5144	34.6285	30.7221
bin.6_k119_15893	253.683	1.8646	19.1295	16.4439	28.2072	46.7257	99.2547
bin.6_k119_15896	103.148	0.0775819	7.75556	5.39418	0.985446	3.38869	4.55287
bin.6_k119_19175	182.51	1.3062	12.9597	11.28	28.0263	46.6126	80.5068
bin.6_k119_13957	139.408	1.22381	12.1721	4.92688	11.4258	47.6583	49.2732
bin.6_k119_19362	133.998	0.0118829	8.69793	12.1873	1.23406	4.77757	6.11731
bin.6_k119_13996	161.091	0.28067	18.2089	17.7864	2.94259	20.0838	19.8261
bin.6_k119_14044	174.302	0.230791	10.8759	58.6915	5.65281	10.834	25.5419
bin.6_k119_21709	128.506	0.220088	7.34577	2.26212	1.34387	3.83547	9.33732
bin.6_k119_13417	121.596	0.340612	4.84027	1.62471	2.77781	4.68395	8.98251
bin.6_k119_13428	136.969	0.136254	8.27632	2.25617	7.58911	14.9012	19.7676
bin.6_k119_19530	142.237	0.18619	9.65122	4.70467	7.16853	20.8878	25.5485
bin.6_k119_12624	99.7587	0.173054	5.81425	4.73501	6.09562	22.2799	16.2159
bin.6_k119_12658	86.314	0	4.38068	0.575658	0.368421	8.19677	1.45918
bin.6_k119_12715	133.489	0.224434	7.57738	1.3405	2.26787	26.8991	12.455
bin.6_k119_18750	205.225	0.437547	13.4781	9.31756	13.8113	37.7733	60.3705
bin.6_k119_9641	238.422	1.3044	15.3839	11.8881	33.8464	100.413	133.428
bin.6_k119_9765	152.447	0.827754	11.3222	8.78774	15.5242	32.6739	48.0493
bin.6_k119_21849	231.887	0.632573	14.8445	10.3498	23.1308	86.6564	103.804
bin.6_k119_12768	119.383	0.105203	6.50324	2.20957	4.33101	20.1225	18.5776
bin.6_k119_12769	97.4362	0	10.2083	4.07031	4.24186	2.6779	4.31096
bin.6_k119_12779	175.412	0.540022	11.2418	6.91171	11.3326	27.8605	45.3414
bin.6_k119_21899	98.6243	0	7.58384	0.599916	0.542284	0.0480267	1.75945
bin.7_k119_616	0.903044	0	0	0.14593	0	0	0
bin.7_k119_17138	1.78514	0	0.127899	0	0	0	0.172874
bin.7_k119_20189	3.62961	0	0.519962	0.0452244	0	0.408432	0.151101
bin.7_k119_3100	3.09428	0	0.406355	0.036554	0.02657	0.366386	0.131744
bin.7_k119_15384	1.64049	0	0.181214	0	0	0	0
bin.7_k119_14810	3.13412	0	0.0699924	0.00548363	0.269764	0	0.103656
bin.7_k119_3771	2.46902	0	2.07902	0	0	0	0.0339024
bin.7_k119_18478	4.04878	0	0.294485	0.0259082	0.0318515	0.915444	0.217854
bin.7_k119_16654	3.65783	0	0.061087	0	0.051087	0.0708696	0.433696
bin.7_k119_3309	8.21818	0	0.441067	0.367621	0.262502	0.425181	2.59963
bin.7_k119_185	3.03565	0	0.352986	0	0	0.125472	0.0498866
bin.7_k119_17174	4.97871	0	0.0681959	2.55549	0	0.0162224	0.424365
bin.7_k119_11938	2.8791	0	0.512012	0.021982	0	0	0.0153754
bin.7_k119_17234	3.45471	0	0	0	0	0	0.0326207
bin.7_k119_9859	7.41298	0	0	0	0	0	0
bin.7_k119_14565	3.00035	0.0138197	0.445967	0.0212945	0.0109225	0	0.213524
bin.7_k119_6545	2.57282	0	0.897648	0	0	0	0
bin.7_k119_10775	2.4833	0	0.0558242	0	0	0	0.0254945
bin.7_k119_12544	7.02313	0	0.260646	0	0	5.60022	0.686123
bin.7_k119_15671	4.24491	0	0.655974	0.217356	0.021386	0.119268	0.444582
bin.7_k119_20568	2.38764	0	0.153938	0	0	0	0
bin.7_k119_12172	7.59643	0.301854	0.0374285	0.0597817	0.0199272	0	0.509444
bin.7_k119_7574	4.25192	0.0940598	1.12767	0.12827	0.239174	3.62458	1.47909
bin.7_k119_16883	3.13796	0	0	0	0	0	0.159673
bin.7_k119_21037	1.88096	0	0	0	0	0	0.128695
bin.7_k119_17028	2.60849	0	0.00796284	8.47335	0.257465	0.0300818	0.0948905
bin.7_k119_10961	2.65744	0.119617	0.0808307	1.63178	0	3.50484	0.0872442
bin.7_k119_19281	3.44743	0	0.687474	0.114056	0.0362593	0.0532033	0.146338
bin.7_k119_18815	1.57728	0	0.0258932	0	0	0	0.0258932
bin.7_k119_18867	4.26698	0.0853453	0.640371	0.0353734	0.437114	10.7726	0.557833
bin.7_k119_9763	3.90705	0	0.34511	0	0	0	0.0626709
bin.8_k119_19005	17.8159	0.00647693	6.065	1.31729	0.0697723	0.00819995	0.0376575
bin.8_k119_20207	16.089	0.28489	7.37848	2.22078	0.483815	0.0121195	0.135374
bin.8_k119_18167	19.726	0	7.20667	0.32379	0.0724581	0.00414958	0.0519312
bin.8_k119_12361	15.9836	0	7.51855	0.464104	0.198955	0.00580535	0.0329355
bin.8_k119_4397	18.3121	0.0182088	6.98249	1.98102	0.178177	0.0169817	0.0580033
bin.8_k119_12137	16.7869	0.173617	7.06763	2.04267	0.176486	0.0120325	0.0836089
bin.8_k119_15685	18.8407	0.00226598	6.98699	2.20064	0.279515	0.0421395	0.061467
bin.8_k119_6676	19.598	0.0214936	7.95123	2.71048	0.205072	0.0114974	0.100003
bin.8_k119_18480	19.1872	0.118808	7.66351	3.39905	0.242452	0.0200682	0.100055
bin.8_k119_21533	19.3561	0.0197539	6.80797	4.35475	0.0733234	0.00910124	0.0216769
bin.8_k119_16917	19.3866	0	5.42384	0.432731	0	0	0.0197671
bin.8_k119_18616	17.5914	0.0342022	7.05522	2.33579	0.1524	0.0312391	0.0780511
bin.8_k119_18628	16.1093	0	6.09176	1.28467	0.112541	0.0045767	0.0405967
bin.8_k119_9548	17.0684	0.0403084	6.89441	2.3719	0.148351	0.0102042	0.0687365
bin.8_k119_18884	17.3808	0.0497065	6.81629	3.02835	0.239347	0.118189	0.0809969
bin.9_k119_14081	5.4596	0	1.32986	0.179508	0	0	0.0992509
bin.9_k119_15315	2.35198	0	0.643785	0	0.00338983	0	0.0490584
bin.9_k119_8599	2.43924	0	2.35582	0	0.0365602	0.0102987	0.228888
bin.9_k119_15333	0.928453	1.57765	0.0902244	0	0.0129538	0.762163	0.117638
bin.9_k119_14723	1.34422	0	0	0.0368936	0.118428	0.0154953	0.106069
bin.9_k119_15373	3.8975	0	0.657621	0	0.00858597	0.0227899	0.397604
bin.9_k119_12903	2.17361	0	0.0449855	0	0.0326756	0.0136676	0.125362
bin.9_k119_12909	4.28484	0	1.23563	0	0	0	0.0510626
bin.9_k119_1976	2.3365	0	0.0495257	0	0	0.313895	0.0366908
bin.9_k119_13640	2.41229	0	0.716332	0	0.0687679	1.37217	0.392869
bin.9_k119_14406	1.9621	0	0.043812	0.0065025	0	0	0.0431191
bin.9_k119_11919	1.58561	0	0	0	0	0	0
bin.9_k119_17201	1.55781	0	0	0	0	0	0
bin.9_k119_17211	3.72242	0	0.0775366	0	0	0	0.0316792
bin.9_k119_2738	1.52133	0	0	0	0	0	0
bin.9_k119_20838	1.62776	0	0.934501	0.109797	0	0	0.0540058
bin.9_k119_18071	1.07065	0	0.347172	0.0415149	0	0	0.463705
bin.9_k119_1421	2.93505	0	0.0562689	0	0	0	0.0804381
bin.9_k119_5695	3.99396	0	0.554369	0	0	0	0.0245337
bin.9_k119_5708	1.77393	0	0	0	0	0	0.0381037
bin.9_k119_431	1.7404	0	0.0416004	0	0	0	0
bin.9_k119_6349	1.14517	0	0.28777	0	0	0	0.0544707
bin.9_k119_19799	5.89811	0	0	0	0	0	0.093673
bin.9_k119_11253	0.67766	0	0.06596	0	0.250687	0	0.115626
bin.9_k119_16756	1.43564	0	0	0	0	0	0.0203508
bin.9_k119_1558	2.98962	0	0.13803	0.240283	0	0.0554329	0.183083
bin.9_k119_15443	10.2394	0	0.806749	0.55395	1.2298	0.700288	2.30698
bin.9_k119_8266	3.5814	4.57663	0.433242	0.364782	0.0299728	0.529292	1.69789
bin.9_k119_2356	2.55767	0	0.0312128	0	0	0	0.0344828
bin.9_k119_7004	5.39077	0	1.54151	0	0.00902935	0	0.0862804
bin.9_k119_2394	2.27742	0	0	0	0.0339961	0	0.329699
bin.9_k119_9428	3.05841	0	1.67508	0	0.010207	1.99008	0.266232
bin.9_k119_9450	12.3048	0	0.476464	0	0.0988285	2.88115	2.66794
bin.9_k119_9886	1.09365	0	0	0	0	0	0
bin.9_k119_2981	2.14019	0	0.230749	0	0.0423852	0.0412005	0.229301
bin.9_k119_14503	1.37858	0	0.440492	0	0.0390569	0.126704	0.0696053
bin.9_k119_19070	1.70698	0	0.149218	0.0175993	0.237515	0	0.0354994
bin.9_k119_17655	0.849373	0	0.253452	0	0	0	0
bin.9_k119_14590	2.30885	0	0.0229095	0	0	0	0
bin.9_k119_15607	2.02894	0	0.564477	2.98492	0.0283917	0	0.184882
bin.9_k119_15627	3.24939	0	0.924694	0.0330612	0	0	0.0206122
bin.9_k119_6650	1.39994	0	0.0738255	0	0	0	0.173581
bin.9_k119_10767	4.52441	0	1.11308	0	0	0	0
bin.9_k119_9470	2.89267	0.34715	0.0425611	0.0407106	0.174315	0.0840118	0.260178
bin.9_k119_7210	1.83086	0	0.02236	0	0.0290015	0.0644233	0.220722
bin.9_k119_7248	1.24151	0	0.234991	0	0	0	0.0358491
bin.9_k119_9507	2.39798	0	0	0.239418	0	0	0.0315789
bin.9_k119_21500	2.16874	0	0.253724	0	0.26515	1.45225	0.156703
bin.9_k119_10241	2.31668	0	0.00515217	0	0	0	0.050683
bin.9_k119_14685	1.004	0	1.07314	0	0	0	0
bin.9_k119_20766	1.02951	0	0.124168	0	0.00972712	0	0.0504635
bin.9_k119_8752	2.60275	0	0	0	0	0	0
bin.9_k119_16833	1.05915	0	0	0.796234	0	0	0
bin.9_k119_6689	1.33274	0	0.321648	0	0	0	0.0277051
bin.9_k119_8927	2.26833	0	0	0	0	0	0.0734934
bin.9_k119_21121	2.61148	0	0.365228	0.0516244	0	0	0.0280374
bin.9_k119_9082	1.40624	0	0.0711974	0	0	0	0
bin.9_k119_17100	2.43553	0	0	0	0	0	0
bin.9_k119_18608	1.44344	0	0.0198602	0	0.234509	0	0
bin.9_k119_21278	0.685195	0	0	0	0.036077	0	0
bin.9_k119_7818	2.5485	0	0	0	0	0	0.120401
bin.9_k119_13368	2.43865	0	0.679561	0.177955	0.00153088	0.0635501	0.121836
bin.9_k119_13380	1.54746	0	0.02862	0	0	0.0969113	0.0660244
bin.9_k119_13439	1.62062	0	0	0	0	0	0.0243977
bin.9_k119_12633	3.1415	0	0.0941055	0	0	0	0.40848
bin.9_k119_12722	1.86834	0.0261241	0.0536354	0.0231187	0	0.046931	0.121836
